id,fullname,job,gender,city,salary,birthday
1,Jonas Mewha,athlete,Male,Phoenix,16612,1990-07-02
2,Adriaens Bointon,athlete,Female,Dallas,14083,1993-02-06
3,Norene Hornig,teacher,Female,Los Angeles,584,2015-09-29
4,Richard Gipps,teacher,Male,Dallas,1230,1984-06-04
5,Jasmina Vicarey,chef,Female,New York,5025,1965-11-05
6,Gerhardt Lathaye,doctor,Male,San Diego,9334,1999-01-03
7,Eveleen Huett,athlete,Female,Chicago,19963,1976-09-11
8,Midge Ruberti,scientist,Female,Phoenix,858,1995-12-26
9,Danny O'Hartnett,chef,Male,Philadelphia,2948,2014-06-25
10,Christoforo Cutting,chef,Male,Dallas,9621,1964-12-09
11,Basilius Cradey,chef,Male,Los Angeles,15236,1996-05-04
12,Daphene Churchman,engineer,Female,San Diego,8893,1981-03-20
13,Brynne Rubbens,scientist,Female,Houston,1163,1998-01-31
14,Timi Sturm,engineer,Female,Philadelphia,10183,1985-09-22
15,Rutger Ocklin,athlete,Male,San Jose,3688,1980-07-21
16,Robin Labuschagne,artist,Male,Philadelphia,18434,1994-09-09
17,Janot Paish,artist,Female,Chicago,3662,2012-05-04
18,Georgette MacPaden,scientist,Female,Phoenix,14131,1967-02-02
19,Leanna Conybear,artist,Female,Los Angeles,7777,2007-04-29
20,Phillipe Southerton,athlete,Male,New York,11430,2013-12-18
21,Onofredo Christescu,chef,Male,New York,17804,2000-09-05
22,Laurie Timmins,doctor,Female,New York,14569,1995-12-02
23,Torr Matuskiewicz,athlete,Male,New York,17258,2006-08-22
24,Dewie Dumbell,writer,Male,New York,3973,1991-04-30
25,Dan Thormwell,athlete,Male,Los Angeles,13209,1994-03-30
26,Silvain Ciciura,artist,Male,Phoenix,5805,2007-08-02
27,Kennedy Fieldsend,doctor,Male,San Diego,18280,1979-08-08
28,Cointon Bearfoot,engineer,Male,San Diego,4016,2005-10-30
29,Nanine Wraggs,artist,Female,Chicago,19159,2000-06-26
30,Leanor Ivashintsov,athlete,Female,Los Angeles,13182,1963-05-06
31,Gus Cluely,artist,Male,Dallas,15115,1995-01-12
32,Tomas Levens,teacher,Male,Philadelphia,18997,1996-04-18
33,Laina Dobbson,writer,Female,San Antonio,4467,1993-05-23
34,Grange Jertz,artist,Male,Philadelphia,16359,1994-08-16
35,Aarika Middell,writer,Female,Los Angeles,2402,1985-11-12
36,Annnora Adamec,artist,Female,Los Angeles,1333,1984-10-24
37,Kirstin Tinkham,chef,Female,Los Angeles,13877,1991-09-29
38,Ellswerth Vagges,writer,Male,San Jose,14153,1990-08-10
39,Vivia Janse,engineer,Female,San Diego,2903,2015-10-11
40,Ulric Llewellen,chef,Male,San Antonio,11057,1998-11-24
41,Dimitry Kirvell,engineer,Male,Houston,19271,1968-03-20
42,Hailee Leicester,artist,Female,Houston,18317,1980-10-21
43,Christine Fenelon,writer,Female,Los Angeles,13747,1965-04-19
44,Shana Marishenko,engineer,Female,Philadelphia,8869,1994-05-25
45,Peder McFarland,chef,Male,Los Angeles,5022,1998-10-27
46,Mehetabel Lavell,scientist,Female,Los Angeles,774,1978-06-29
47,Philbert Nell,teacher,Male,Phoenix,8409,2007-01-10
48,Carmen Aronstein,writer,Female,Phoenix,17079,1988-10-15
49,Michal Thebeau,chef,Female,San Diego,10582,1993-10-17
50,Base De Benedictis,athlete,Male,New York,4436,1969-10-01
51,Michaella Andreucci,athlete,Female,Chicago,13972,1972-04-27
52,Steffane Croad,chef,Female,San Antonio,9298,2010-04-03
53,Gwenora Chillcot,scientist,Female,New York,6931,1978-04-11
54,Cherrita Gretton,writer,Female,San Jose,5407,1996-03-19
55,Pattie Corish,artist,Male,Dallas,16419,1997-05-09
56,Aubine Ingerfield,engineer,Female,Phoenix,4074,2013-03-06
57,Cly Dranfield,scientist,Male,Philadelphia,12334,1962-03-16
58,Rhianon Oglesbee,writer,Female,San Jose,19147,1970-09-19
59,Kit Castagno,doctor,Female,Phoenix,5346,1998-12-09
60,Merle Seary,athlete,Male,Phoenix,6472,1981-11-15
61,Trever Greenier,artist,Male,Dallas,12732,1981-02-25
62,Jeannine Akeherst,artist,Female,Dallas,18080,1994-10-05
63,Lilly Chorlton,scientist,Female,San Jose,19899,1978-10-09
64,Sammie Bayne,teacher,Male,Phoenix,8085,1965-03-19
65,Gayle Wiz,athlete,Male,New York,3998,1997-03-19
66,Frances Haysom,scientist,Female,Phoenix,15329,1965-01-05
67,Tiffi Feldfisher,scientist,Female,Philadelphia,6701,1990-12-03
68,Ebonee Vuittet,chef,Female,Los Angeles,12953,1979-08-04
69,Rene Stangroom,writer,Male,San Diego,18219,1996-09-09
70,Mari Bicheno,writer,Female,San Jose,18467,1980-07-15
71,Zack Niesegen,writer,Male,San Antonio,19337,1978-12-27
72,Ignaz Friese,athlete,Male,Dallas,16294,1992-03-12
73,Franni Trasler,doctor,Female,Los Angeles,1903,2009-11-10
74,Ysabel Wakes,writer,Female,Philadelphia,2766,1974-05-16
75,Jobina Jakobssen,engineer,Female,Los Angeles,3172,2010-11-16
76,Yvonne Tuxill,engineer,Female,New York,6239,1992-08-29
77,Berna Baldi,teacher,Female,Dallas,16516,2015-03-22
78,Hilary Clara,teacher,Female,San Antonio,2674,1995-07-18
79,Valdemar Lambal,chef,Male,Philadelphia,9828,1971-11-10
80,Luke Hayworth,engineer,Male,San Antonio,11122,1986-11-28
81,Joyous Newlove,writer,Female,New York,17637,1981-11-05
82,Berta Dunham,chef,Female,Dallas,14603,2014-02-23
83,Benjamen Hurdis,chef,Male,Phoenix,11250,1974-01-23
84,Brinna Scard,artist,Female,San Diego,19591,1996-05-02
85,Quinton Waymont,scientist,Male,Houston,11992,1993-09-26
86,Iain MacEveley,scientist,Male,San Antonio,15550,1978-03-27
87,Reggie Behne,teacher,Male,San Antonio,11424,1975-03-01
88,Karon Unsworth,athlete,Female,San Jose,2194,1978-03-11
89,Davy Banbridge,chef,Male,Phoenix,19985,1988-04-19
90,Thedric Tench,artist,Male,San Jose,6866,2009-01-23
91,Haywood Woodworth,engineer,Male,San Jose,15819,1966-09-05
92,Roma Kearton,chef,Male,San Jose,7361,1967-08-06
93,Godfrey Hargate,scientist,Male,San Antonio,3820,1989-10-13
94,Blondell Haggett,engineer,Female,Phoenix,13683,2011-02-02
95,Neysa Kliemann,artist,Female,Dallas,12758,1995-05-15
96,Elsey Turney,doctor,Female,San Antonio,11023,2010-07-06
97,Ilka Kindell,engineer,Female,San Diego,10853,1966-01-31
98,See Losel,artist,Male,Phoenix,12399,1966-11-11
99,Stepha Coskerry,athlete,Female,San Antonio,1893,1986-04-01
100,Keefe Miles,doctor,Male,Philadelphia,5067,2009-08-06
